<?xml version="1.0" encoding="UTF-8"?>
<project-private xmlns="http://www.netbeans.org/ns/project-private/1">
    <editor-bookmarks xmlns="http://www.netbeans.org/ns/editor-bookmarks/2" lastBookmarkId="0"/>
    <open-files xmlns="http://www.netbeans.org/ns/projectui-open-files/2">
        <group>
            <file>file:/C:/xampp/htdocs/MEME_Generator/resources/views/layouts/header.blade.php</file>
            <file>file:/C:/xampp/htdocs/MEME_Generator/app/MemeGenerate.php</file>
            <file>file:/C:/xampp/htdocs/MEME_Generator/public/css/style.css</file>
            <file>file:/C:/xampp/htdocs/MEME_Generator/resources/views/layouts/nav.blade.php</file>
            <file>file:/C:/xampp/htdocs/MEME_Generator/routes/web.php</file>
            <file>file:/C:/xampp/htdocs/MEME_Generator/resources/views/welcome.blade.php</file>
            <file>file:/C:/xampp/htdocs/MEME_Generator/resources/views/layouts/head.blade.php</file>
            <file>file:/C:/xampp/htdocs/MEME_Generator/resources/views/layouts/sidebar.blade.php</file>
            <file>file:/C:/xampp/htdocs/MEME_Generator/app/Http/Controllers/Controller.php</file>
            <file>file:/C:/xampp/htdocs/MEME_Generator/resources/views/layouts/footer.blade.php</file>
            <file>file:/C:/xampp/htdocs/MEME_Generator/resources/views/gallery.blade.php</file>
            <file>file:/C:/xampp/htdocs/MEME_Generator/public/js/app.js</file>
            <file>file:/C:/xampp/htdocs/MEME_Generator/resources/views/layouts/content.blade.php</file>
        </group>
    </open-files>
</project-private>
